CHV;Cµdigo Fazenda;CD_UPNIVEL3;DT_ANALISE;NIVEL INFESTAúûO;;Nivel de InfestaÓÐo;
100020001;10002;1;20/01/2016;B;;A;Alto
100030001;10003;1;09/06/2020;A;;M;MÕdio
100030002;10003;2;09/06/2020;A;;B;Baixo
100030005;10003;5;09/06/2020;B;;;
100030007;10003;7;09/06/2020;B;;;
100030009;10003;9;09/06/2020;B;;;
100040001;10004;1;20/01/2016;B;;;
100050001;10005;1;10/05/2016;B;;;
103030001;10303;1;21/12/2016;B;;;
103040001;10304;1;20/01/2016;B;;;
103080024;10308;24;22/04/2020;A;;;
103080025;10308;25;22/04/2020;A;;;
103080026;10308;26;22/04/2020;A;;;
103080027;10308;27;22/04/2020;A;;;
103080028;10308;28;22/04/2020;A;;;
103080029;10308;29;22/04/2020;A;;;
103080030;10308;30;22/04/2020;A;;;
103080031;10308;31;22/04/2020;A;;;
103080032;10308;32;22/04/2020;A;;;
103080033;10308;33;22/04/2020;M;;;
103080034;10308;34;22/04/2020;M;;;
103100001;10310;1;28/04/2020;B;;;
103100002;10310;2;28/04/2020;B;;;
103100003;10310;3;28/04/2020;B;;;
103100004;10310;4;28/04/2020;B;;;
103100005;10310;5;28/04/2020;B;;;
103100006;10310;6;28/04/2020;B;;;
103100007;10310;7;28/04/2020;M;;;
103100008;10310;8;28/04/2020;B;;;
103100009;10310;9;28/04/2020;B;;;
103100010;10310;10;28/04/2020;B;;;
103100011;10310;11;28/04/2020;B;;;
103100012;10310;12;28/04/2020;B;;;
103100013;10310;13;28/04/2020;B;;;
103100027;10310;27;23/07/2020;B;;;
103100028;10310;28;23/07/2020;B;;;
103100029;10310;29;23/07/2020;B;;;
103100030;10310;30;23/07/2020;B;;;
103100031;10310;31;23/07/2020;B;;;
103100036;10310;36;23/07/2020;B;;;
103100037;10310;37;23/07/2020;B;;;
103100038;10310;38;23/07/2020;B;;;
103100039;10310;39;23/07/2020;B;;;
103100056;10310;56;23/07/2020;B;;;
103100057;10310;57;23/07/2020;B;;;
103100060;10310;60;23/07/2020;B;;;
103100061;10310;61;23/07/2020;B;;;
103100062;10310;62;23/07/2020;B;;;
103100069;10310;69;23/07/2020;B;;;
103100070;10310;70;23/07/2020;B;;;
103100082;10310;82;01/08/2020;B;;;
103100083;10310;83;01/08/2020;B;;;
103100086;10310;86;23/07/2020;B;;;
103100091;10310;91;01/08/2020;B;;;
103100092;10310;92;01/08/2020;B;;;
103100093;10310;93;01/08/2020;B;;;
103100095;10310;95;23/07/2020;B;;;
103100096;10310;96;23/07/2020;B;;;
103100097;10310;97;23/07/2020;B;;;
103100110;10310;110;23/07/2020;A;;;
103100111;10310;111;23/07/2020;A;;;
103100119;10310;119;23/07/2020;M;;;
103100120;10310;120;23/07/2020;M;;;
103100121;10310;121;23/07/2020;M;;;
103100122;10310;122;23/07/2020;M;;;
103100129;10310;129;23/07/2020;B;;;
103100130;10310;130;23/07/2020;B;;;
103100132;10310;132;01/08/2020;B;;;
103100135;10310;135;01/08/2020;B;;;
103100137;10310;137;23/07/2020;B;;;
103100138;10310;138;23/07/2020;B;;;
103100141;10310;141;23/07/2020;B;;;
103110047;10311;47;02/03/2022;A;;;
103110049;10311;49;11/01/2022;M;;;
103110050;10311;50;11/01/2022;B;;;
103110052;10311;52;11/01/2022;A;;;
103110227;10311;227;01/03/2021;B;;;
103110228;10311;228;01/03/2021;B;;;
103110229;10311;229;01/03/2021;B;;;
103110230;10311;230;01/03/2021;B;;;
103110231;10311;231;01/03/2021;B;;;
103110232;10311;232;01/03/2021;B;;;
103110233;10311;233;01/03/2021;B;;;
103110234;10311;234;01/03/2021;B;;;
103110235;10311;235;01/03/2021;B;;;
103110236;10311;236;01/03/2021;B;;;
103110237;10311;237;01/03/2021;B;;;
103110241;10311;241;01/03/2021;B;;;
103110242;10311;242;01/03/2021;A;;;
103110243;10311;243;01/03/2021;A;;;
103110244;10311;244;01/03/2021;A;;;
103110245;10311;245;01/03/2021;A;;;
103110246;10311;246;01/03/2021;A;;;
103120001;10312;1;21/12/2023;A;;;
103120006;10312;6;21/12/2023;B;;;
103120013;10312;13;28/04/2020;A;;;
103120014;10312;14;28/04/2020;A;;;
103120015;10312;15;22/04/2020;A;;;
103120016;10312;16;22/04/2020;A;;;
103120017;10312;17;22/04/2020;M;;;
103120018;10312;18;22/04/2020;A;;;
103160009;10316;9;21/12/2023;A;;;
103160010;10316;10;21/12/2023;A;;;
103160014;10316;14;11/01/2022;A;;;
103160027;10316;27;11/01/2022;A;;;
103160030;10316;30;11/01/2022;A;;;
103160032;10316;32;11/01/2022;A;;;
103160045;10316;45;11/01/2022;A;;;
103160053;10316;53;11/01/2022;M;;;
103160054;10316;54;11/01/2022;A;;;
103170001;10317;1;22/04/2020;A;;;
103170002;10317;2;22/04/2020;M;;;
103170003;10317;3;22/04/2020;B;;;
103170004;10317;4;22/04/2020;B;;;
103170005;10317;5;22/04/2020;B;;;
103170006;10317;6;22/04/2020;M;;;
103170007;10317;7;22/04/2020;A;;;
103170008;10317;8;22/04/2020;A;;;
103170009;10317;9;22/04/2020;A;;;
103170010;10317;10;22/04/2020;A;;;
103170011;10317;11;22/04/2020;A;;;
103170012;10317;12;22/04/2020;M;;;
103170013;10317;13;22/04/2020;B;;;
103170014;10317;14;22/04/2020;A;;;
103170015;10317;15;22/04/2020;B;;;
103170016;10317;16;22/04/2020;B;;;
103170017;10317;17;22/04/2020;B;;;
103170018;10317;18;22/04/2020;B;;;
103170019;10317;19;22/04/2020;B;;;
103170020;10317;20;22/04/2020;B;;;
103170021;10317;21;22/04/2020;M;;;
103250001;10325;1;05/01/2022;A;;;
103250002;10325;2;21/12/2023;A;;;
103250003;10325;3;05/01/2022;A;;;
103250004;10325;4;27/01/2021;B;;;
103250005;10325;5;11/05/2023;B;;;
103250006;10325;6;11/05/2023;M;;;
103250007;10325;7;21/12/2023;M;;;
103250008;10325;8;27/01/2021;B;;;
103250017;10325;17;27/01/2021;M;;;
103250020;10325;20;27/01/2021;M;;;
103250021;10325;21;27/01/2021;M;;;
103250024;10325;24;27/01/2021;M;;;
103250025;10325;25;27/01/2021;M;;;
103250028;10325;28;27/01/2021;M;;;
103250029;10325;29;27/01/2021;M;;;
103250030;10325;30;27/01/2021;A;;;
103250031;10325;31;27/01/2021;A;;;
103250032;10325;32;27/01/2021;M;;;
103250033;10325;33;27/01/2021;M;;;
103250043;10325;43;27/01/2021;A;;;
103250050;10325;50;27/01/2021;B;;;
103250051;10325;51;27/01/2021;B;;;
103250052;10325;52;27/01/2021;B;;;
103250053;10325;53;27/01/2021;B;;;
103250062;10325;62;27/01/2021;B;;;
103250063;10325;63;27/01/2021;B;;;
103250064;10325;64;27/01/2021;B;;;
103250068;10325;68;27/01/2021;B;;;
103250069;10325;69;27/01/2021;B;;;
103250070;10325;70;27/01/2021;B;;;
103250071;10325;71;27/01/2021;B;;;
103270001;10327;1;11/01/2022;M;;;
103270003;10327;3;11/01/2022;B;;;
103270004;10327;4;11/01/2022;A;;;
103270005;10327;5;11/01/2022;A;;;
103270006;10327;6;11/01/2022;M;;;
103270018;10327;18;02/05/2019;B;;;
103270019;10327;19;02/05/2019;B;;;
103270020;10327;20;02/05/2019;B;;;
103270021;10327;21;02/05/2019;B;;;
103270022;10327;22;02/05/2019;B;;;
103270023;10327;23;02/05/2019;B;;;
103270024;10327;24;02/05/2019;B;;;
103270025;10327;25;02/05/2019;B;;;
103270026;10327;26;02/05/2019;B;;;
103270027;10327;27;02/05/2019;B;;;
103270028;10327;28;02/05/2019;B;;;
103270029;10327;29;02/05/2019;B;;;
103270030;10327;30;02/05/2019;B;;;
103270031;10327;31;02/05/2019;B;;;
103280001;10328;1;22/02/2017;B;;;
103280002;10328;2;02/04/2019;B;;;
103280003;10328;3;05/01/2022;B;;;
103280005;10328;5;02/04/2019;B;;;
103280010;10328;10;07/06/2020;B;;;
103280011;10328;11;07/06/2020;B;;;
103280014;10328;14;07/06/2020;B;;;
103280015;10328;15;02/04/2019;B;;;
103280017;10328;17;07/06/2020;B;;;
103280021;10328;21;22/02/2017;B;;;
103280024;10328;24;02/04/2019;B;;;
103280025;10328;25;02/04/2019;B;;;
103280026;10328;26;07/06/2020;B;;;
103280029;10328;29;07/06/2020;M;;;
103280033;10328;33;07/06/2020;A;;;
103280034;10328;34;07/06/2020;A;;;
103280035;10328;35;22/02/2017;B;;;
103280036;10328;36;07/06/2020;M;;;
103280038;10328;38;07/06/2020;M;;;
103280039;10328;39;07/06/2020;B;;;
103310001;10331;1;20/01/2016;B;;;
103370001;10337;1;11/01/2022;B;;;
103370002;10337;2;28/04/2020;A;;;
103370004;10337;4;28/04/2020;A;;;
103370005;10337;5;28/04/2020;A;;;
103370006;10337;6;28/04/2020;A;;;
103370007;10337;7;28/04/2020;A;;;
103370008;10337;8;28/04/2020;M;;;
103370009;10337;9;28/04/2020;A;;;
103370011;10337;11;20/01/2017;B;;;
103370013;10337;13;20/01/2017;B;;;
103370015;10337;15;20/01/2017;B;;;
103370019;10337;19;20/01/2017;B;;;
103370022;10337;22;20/01/2017;B;;;
104440003;10444;3;09/06/2020;A;;;
104440004;10444;4;09/06/2020;A;;;
104440005;10444;5;09/06/2020;A;;;
104440007;10444;7;09/06/2020;B;;;
104440008;10444;8;09/06/2020;B;;;
104450001;10445;1;20/01/2016;B;;;
201000001;20100;1;21/12/2023;A;;;
201000002;20100;2;21/12/2023;A;;;
201000004;20100;4;21/12/2023;M;;;
201000006;20100;6;21/12/2023;B;;;
201000008;20100;8;21/12/2023;A;;;
201000037;20100;37;05/01/2022;M;;;
201000046;20100;46;03/04/2020;A;;;
201000047;20100;47;03/04/2020;A;;;
201000048;20100;48;03/04/2020;A;;;
201000058;20100;58;03/04/2020;M;;;
201000070;20100;70;03/04/2020;B;;;
201000071;20100;71;03/04/2020;B;;;
201000077;20100;77;11/05/2023;A;;;
201010001;20101;1;05/01/2022;M;;;
201010002;20101;2;05/01/2022;B;;;
201010003;20101;3;05/01/2022;M;;;
201010004;20101;4;05/01/2022;A;;;
201010006;20101;6;05/01/2022;M;;;
201010007;20101;7;05/01/2022;B;;;
201010016;20101;16;05/01/2022;B;;;
201010017;20101;17;05/01/2022;B;;;
201010018;20101;18;05/01/2022;M;;;
201010019;20101;19;05/01/2022;B;;;
201010022;20101;22;05/01/2022;A;;;
201010023;20101;23;05/01/2022;B;;;
201010025;20101;25;05/01/2022;B;;;
201010029;20101;29;05/01/2022;M;;;
201010031;20101;31;05/01/2022;B;;;
201010033;20101;33;05/01/2022;B;;;
201010034;20101;34;05/01/2022;B;;;
201010043;20101;43;05/01/2022;B;;;
201010044;20101;44;05/01/2022;B;;;
201020003;20102;3;01/08/2020;B;;;
201020004;20102;4;01/08/2020;B;;;
201020006;20102;6;01/08/2020;B;;;
201020007;20102;7;01/08/2020;B;;;
201020010;20102;10;01/08/2020;B;;;
203050001;20305;1;20/01/2016;B;;;
203050077;20305;77;01/08/2020;M;;;
203050078;20305;78;01/08/2020;M;;;
203050079;20305;79;01/08/2020;B;;;
203050080;20305;80;01/08/2020;B;;;
203050081;20305;81;01/08/2020;M;;;
203050097;20305;97;01/08/2020;B;;;
203050185;20305;185;17/12/2019;B;;;
203050186;20305;186;17/12/2019;M;;;
203050220;20305;220;17/12/2019;B;;;
203050226;20305;226;17/12/2019;M;;;
203050263;20305;263;11/05/2023;A;;;
203050292;20305;292;02/03/2022;A;;;
203050293;20305;293;02/03/2022;B;;;
203050294;20305;294;02/03/2022;B;;;
203050296;20305;296;02/03/2022;M;;;
203050297;20305;297;01/08/2020;B;;;
203050298;20305;298;27/03/2019;B;;;
203050299;20305;299;02/03/2022;A;;;
203050402;20305;402;02/03/2022;M;;;
203050408;20305;408;02/03/2022;A;;;
203050410;20305;410;02/03/2022;M;;;
203050412;20305;412;02/03/2022;A;;;
203080001;20308;1;05/01/2022;B;;;
203140001;20314;1;29/03/2019;B;;;
203140002;20314;2;29/03/2019;B;;;
203140003;20314;3;29/03/2019;B;;;
203140004;20314;4;29/03/2019;B;;;
203140005;20314;5;29/03/2019;B;;;
203140006;20314;6;29/03/2019;B;;;
203140007;20314;7;29/03/2019;B;;;
203140008;20314;8;29/03/2019;B;;;
203140009;20314;9;29/03/2019;B;;;
203140010;20314;10;29/03/2019;B;;;
203140011;20314;11;29/03/2019;B;;;
203140012;20314;12;29/03/2019;B;;;
203140013;20314;13;06/05/2020;B;;;
203140015;20314;15;29/03/2019;B;;;
203140017;20314;17;29/03/2019;B;;;
203140018;20314;18;03/12/2019;B;;;
203140019;20314;19;03/12/2019;B;;;
203140020;20314;20;03/12/2019;B;;;
203140021;20314;21;29/03/2019;B;;;
203140022;20314;22;29/03/2019;B;;;
203140023;20314;23;29/03/2019;B;;;
203140024;20314;24;29/03/2019;B;;;
203140025;20314;25;29/03/2019;B;;;
203140026;20314;26;29/03/2019;B;;;
203140027;20314;27;29/03/2019;B;;;
203140028;20314;28;29/03/2019;B;;;
203140029;20314;29;29/03/2019;B;;;
203140033;20314;33;29/03/2019;B;;;
203140034;20314;34;29/03/2019;B;;;
203140036;20314;36;29/03/2019;M;;;
203140037;20314;37;29/03/2019;B;;;
203140039;20314;39;29/03/2019;M;;;
203140041;20314;41;29/03/2019;B;;;
203140042;20314;42;29/03/2019;M;;;
203140044;20314;44;29/03/2019;B;;;
203140045;20314;45;29/03/2019;B;;;
203140047;20314;47;20/01/2017;B;;;
203140048;20314;48;29/03/2019;B;;;
203140056;20314;56;29/03/2019;B;;;
203140057;20314;57;29/03/2019;B;;;
203140059;20314;59;29/03/2019;B;;;
203140063;20314;63;29/03/2019;B;;;
203140064;20314;64;29/03/2019;B;;;
203140068;20314;68;29/03/2019;B;;;
203140069;20314;69;29/03/2019;B;;;
203140084;20314;84;06/05/2020;B;;;
203140085;20314;85;06/05/2020;B;;;
203140087;20314;87;06/05/2020;B;;;
203140089;20314;89;06/05/2020;B;;;
203140090;20314;90;06/05/2020;B;;;
203140091;20314;91;06/05/2020;B;;;
203140093;20314;93;06/05/2020;B;;;
203140095;20314;95;06/05/2020;B;;;
203140096;20314;96;06/05/2020;B;;;
203140098;20314;98;06/05/2020;B;;;
203140099;20314;99;06/05/2020;B;;;
203140101;20314;101;06/05/2020;B;;;
203140102;20314;102;06/05/2020;B;;;
203140103;20314;103;06/05/2020;B;;;
203140109;20314;109;20/01/2017;B;;;
203140111;20314;111;06/05/2020;B;;;
203140112;20314;112;06/05/2020;M;;;
203140113;20314;113;06/05/2020;B;;;
203140114;20314;114;06/05/2020;B;;;
203140115;20314;115;20/01/2017;B;;;
203140116;20314;116;06/05/2020;B;;;
203140117;20314;117;06/05/2020;B;;;
203140118;20314;118;02/03/2022;A;;;
203140120;20314;120;06/05/2020;A;;;
203140121;20314;121;06/05/2020;M;;;
203140122;20314;122;06/05/2020;M;;;
203140123;20314;123;06/05/2020;A;;;
203140125;20314;125;06/05/2020;B;;;
203140126;20314;126;06/05/2020;A;;;
203140129;20314;129;06/05/2020;B;;;
203140135;20314;135;06/05/2020;B;;;
203140136;20314;136;06/05/2020;B;;;
203140137;20314;137;06/05/2020;B;;;
203140138;20314;138;20/01/2017;B;;;
203140141;20314;141;20/01/2017;B;;;
203140143;20314;143;20/01/2017;B;;;
203140145;20314;145;06/05/2020;M;;;
203140151;20314;151;20/01/2017;B;;;
203140164;20314;164;20/01/2017;B;;;
203140165;20314;165;06/05/2020;B;;;
203140166;20314;166;06/05/2020;B;;;
203140168;20314;168;06/05/2020;B;;;
203140169;20314;169;06/05/2020;M;;;
203140488;20314;488;09/03/2020;M;;;
203140500;20314;500;29/05/2020;A;;;
203140502;20314;502;29/05/2020;A;;;
203140504;20314;504;29/05/2020;A;;;
203140505;20314;505;29/05/2020;A;;;
203140509;20314;509;29/05/2020;M;;;
203140510;20314;510;29/05/2020;M;;;
203140515;20314;515;29/05/2020;M;;;
203140518;20314;518;29/05/2020;A;;;
203140520;20314;520;29/05/2020;A;;;
203140522;20314;522;09/03/2020;B;;;
203140523;20314;523;09/03/2020;B;;;
203140524;20314;524;16/03/2020;B;;;
203140525;20314;525;16/03/2020;M;;;
203140526;20314;526;16/03/2020;B;;;
203140527;20314;527;16/03/2020;B;;;
203140528;20314;528;16/03/2020;B;;;
203140529;20314;529;16/03/2020;B;;;
203140530;20314;530;16/03/2020;M;;;
203140531;20314;531;09/03/2020;M;;;
203140532;20314;532;09/03/2020;B;;;
203140533;20314;533;09/03/2020;B;;;
203140534;20314;534;09/03/2020;M;;;
203140535;20314;535;09/03/2020;B;;;
203140536;20314;536;16/03/2020;M;;;
203140537;20314;537;16/03/2020;B;;;
203140538;20314;538;16/03/2020;B;;;
203140539;20314;539;16/03/2020;M;;;
203140540;20314;540;09/03/2020;B;;;
203140541;20314;541;09/03/2020;A;;;
203140542;20314;542;09/03/2020;B;;;
203140543;20314;543;09/03/2020;B;;;
203140544;20314;544;09/03/2020;B;;;
203140545;20314;545;09/03/2020;B;;;
203140546;20314;546;16/03/2020;B;;;
203140547;20314;547;16/03/2020;B;;;
203140548;20314;548;16/03/2020;B;;;
203140549;20314;549;16/03/2020;B;;;
203140550;20314;550;09/03/2020;B;;;
203140551;20314;551;09/03/2020;B;;;
203140552;20314;552;09/03/2020;M;;;
203140553;20314;553;09/03/2020;B;;;
203140554;20314;554;09/03/2020;B;;;
203140555;20314;555;09/03/2020;B;;;
203140556;20314;556;09/03/2020;M;;;
203140557;20314;557;09/03/2020;B;;;
203140558;20314;558;09/03/2020;B;;;
203140559;20314;559;09/03/2020;M;;;
203140560;20314;560;16/03/2020;B;;;
203140561;20314;561;16/03/2020;B;;;
203140562;20314;562;09/03/2020;M;;;
203140563;20314;563;09/03/2020;M;;;
203140564;20314;564;09/03/2020;B;;;
203140565;20314;565;09/03/2020;B;;;
203140566;20314;566;09/03/2020;B;;;
203140567;20314;567;16/03/2020;B;;;
203140568;20314;568;16/03/2020;B;;;
203140569;20314;569;09/03/2020;M;;;
203140570;20314;570;09/03/2020;M;;;
203140571;20314;571;09/03/2020;B;;;
203140572;20314;572;09/03/2020;M;;;
203140573;20314;573;16/03/2020;M;;;
203150001;20315;1;21/12/2023;B;;;
203150002;20315;2;30/05/2020;B;;;
203150003;20315;3;02/03/2022;A;;;
203150005;20315;5;27/01/2021;A;;;
203150006;20315;6;27/01/2021;B;;;
203150015;20315;15;27/01/2021;M;;;
203150016;20315;16;27/01/2021;B;;;
203180001;20318;1;11/01/2022;A;;;
203180003;20318;3;03/04/2021;B;;;
203180004;20318;4;03/04/2021;B;;;
203180005;20318;5;03/04/2021;B;;;
203180006;20318;6;19/05/2020;A;;;
203180008;20318;8;19/05/2020;A;;;
203180010;20318;10;03/04/2021;B;;;
203180011;20318;11;03/04/2021;B;;;
203180012;20318;12;19/05/2020;A;;;
203180013;20318;13;19/05/2020;A;;;
203180014;20318;14;19/05/2020;A;;;
203180016;20318;16;03/04/2021;M;;;
203200020;20320;20;21/04/2023;B;;;
203200025;20320;25;22/02/2017;B;;;
203200029;20320;29;22/02/2017;B;;;
203200039;20320;39;22/02/2017;B;;;
203200040;20320;40;21/04/2023;B;;;
203210002;20321;2;21/01/2021;B;;;
203210003;20321;3;10/06/2020;A;;;
203210004;20321;4;10/06/2020;A;;;
203210005;20321;5;10/06/2020;A;;;
203210006;20321;6;21/01/2021;B;;;
203210008;20321;8;28/04/2019;B;;;
203210009;20321;9;28/04/2019;B;;;
203210010;20321;10;28/04/2019;B;;;
203210011;20321;11;28/04/2019;B;;;
203210043;20321;43;23/07/2020;B;;;
203220001;20322;1;24/02/2020;B;;;
203220002;20322;2;24/02/2020;M;;;
203220003;20322;3;24/02/2020;A;;;
203220004;20322;4;24/02/2020;M;;;
203220005;20322;5;24/02/2020;M;;;
203220006;20322;6;24/02/2020;A;;;
203220007;20322;7;24/02/2020;A;;;
203230001;20323;1;01/03/2021;B;;;
203230002;20323;2;01/03/2021;B;;;
203230003;20323;3;01/03/2021;B;;;
203230004;20323;4;01/03/2021;B;;;
203230005;20323;5;01/03/2021;B;;;
203230006;20323;6;01/03/2021;B;;;
203230007;20323;7;01/03/2021;B;;;
203230008;20323;8;06/05/2020;A;;;
203230009;20323;9;15/05/2020;A;;;
203230010;20323;10;15/05/2020;A;;;
203230011;20323;11;15/05/2020;A;;;
203230012;20323;12;15/05/2020;A;;;
203230013;20323;13;15/05/2020;A;;;
203230014;20323;14;15/05/2020;A;;;
203230015;20323;15;15/05/2020;B;;;
203230016;20323;16;15/05/2020;B;;;
203230017;20323;17;15/05/2020;B;;;
203250011;20325;11;23/07/2020;B;;;
203250013;20325;13;23/07/2020;B;;;
203250015;20325;15;23/07/2020;B;;;
203250023;20325;23;23/07/2020;B;;;
203250024;20325;24;23/07/2020;B;;;
203250025;20325;25;23/07/2020;B;;;
203250027;20325;27;23/07/2020;M;;;
203250028;20325;28;23/07/2020;B;;;
203250029;20325;29;23/07/2020;B;;;
203250030;20325;30;23/07/2020;B;;;
203250031;20325;31;23/07/2020;B;;;
203250032;20325;32;23/07/2020;B;;;
203270001;20327;1;05/01/2022;M;;;
203270005;20327;5;05/01/2022;A;;;
203270006;20327;6;05/01/2022;M;;;
203270011;20327;11;05/01/2022;A;;;
203280012;20328;12;27/01/2021;B;;;
203280013;20328;13;27/01/2021;B;;;
203280041;20328;41;07/06/2020;B;;;
203280043;20328;43;07/06/2020;M;;;
203280046;20328;46;07/06/2020;M;;;
203280047;20328;47;07/06/2020;B;;;
203280048;20328;48;27/01/2021;B;;;
203280050;20328;50;27/01/2021;B;;;
203280058;20328;58;27/01/2021;B;;;
203280074;20328;74;27/01/2021;B;;;
203280082;20328;82;27/01/2021;B;;;
203290001;20329;1;21/01/2021;B;;;
203290002;20329;2;21/01/2021;B;;;
203290003;20329;3;21/01/2021;B;;;
203290004;20329;4;21/01/2021;B;;;
203290005;20329;5;21/01/2021;B;;;
203290006;20329;6;21/01/2021;B;;;
203290008;20329;8;05/01/2022;A;;;
203300002;20330;2;02/03/2022;A;;;
203310001;20331;1;28/04/2020;A;;;
203310002;20331;2;28/04/2020;A;;;
203310003;20331;3;28/04/2020;A;;;
203310004;20331;4;01/08/2020;B;;;
203310005;20331;5;01/08/2020;B;;;
203310006;20331;6;01/08/2020;B;;;
203310007;20331;7;01/08/2020;B;;;
203310008;20331;8;01/08/2020;B;;;
203310009;20331;9;01/08/2020;A;;;
203310011;20331;11;01/08/2020;A;;;
203310014;20331;14;01/08/2020;B;;;
203330001;20333;1;20/01/2016;B;;;
203330002;20333;2;05/01/2022;A;;;
203330006;20333;6;05/01/2022;B;;;
203330007;20333;7;05/01/2022;A;;;
203330010;20333;10;05/01/2022;A;;;
203330011;20333;11;05/01/2022;A;;;
203340003;20334;3;21/01/2021;B;;;
203340006;20334;6;21/01/2021;B;;;
203340011;20334;11;21/01/2021;B;;;
203350001;20335;1;22/04/2021;B;;;
203350002;20335;2;22/04/2021;B;;;
203350003;20335;3;22/04/2021;M;;;
203350004;20335;4;10/12/2019;B;;;
203350005;20335;5;10/12/2019;M;;;
203350006;20335;6;05/01/2022;B;;;
203390003;20339;3;21/12/2023;M;;;
203390009;20339;9;05/01/2022;B;;;
203400001;20340;1;20/01/2016;B;;;
203410007;20341;7;11/01/2022;B;;;
203410011;20341;11;11/01/2022;A;;;
203410012;20341;12;11/01/2022;A;;;
203430002;20343;2;11/05/2023;B;;;
203460001;20346;1;20/01/2016;B;;;
203620001;20362;1;11/01/2022;A;;;
203700001;20370;1;28/04/2020;B;;;
203710001;20371;1;03/04/2020;B;;;
203710002;20371;2;03/04/2020;A;;;
203710005;20371;5;03/04/2020;B;;;
203710007;20371;7;03/04/2020;B;;;
203710008;20371;8;03/04/2020;B;;;
203710009;20371;9;03/04/2020;B;;;
203710010;20371;10;03/04/2020;B;;;
203710011;20371;11;03/04/2020;B;;;
203710012;20371;12;03/04/2020;B;;;
203710013;20371;13;03/04/2020;M;;;
203710014;20371;14;03/04/2020;M;;;
203720001;20372;1;05/01/2022;B;;;
203720002;20372;2;21/01/2021;B;;;
203720006;20372;6;21/01/2021;B;;;
203720012;20372;12;21/01/2021;B;;;
203720014;20372;14;21/01/2021;B;;;
203720015;20372;15;21/01/2021;B;;;
203730001;20373;1;21/12/2023;B;;;
203730002;20373;2;21/12/2023;B;;;
203730011;20373;11;21/12/2023;B;;;
203750017;20375;17;23/07/2020;B;;;
203750021;20375;21;23/07/2020;B;;;
203750022;20375;22;23/07/2020;B;;;
203920005;20392;5;01/05/2019;B;;;
203920007;20392;7;01/05/2019;B;;;
203920008;20392;8;01/05/2019;B;;;
203950001;20395;1;21/12/2022;B;;;
203950002;20395;2;21/12/2022;B;;;
203950003;20395;3;21/12/2022;B;;;
203950004;20395;4;21/12/2022;B;;;
203950005;20395;5;21/12/2022;B;;;
203950006;20395;6;21/12/2022;B;;;
203950007;20395;7;21/12/2022;B;;;
203990001;20399;1;28/04/2020;M;;;
203990002;20399;2;28/04/2020;M;;;
203990008;20399;8;28/04/2020;B;;;
203990009;20399;9;28/04/2020;B;;;
203990011;20399;11;28/04/2020;B;;;
203990013;20399;13;28/04/2020;B;;;
204000001;20400;1;11/01/2022;A;;;
204000002;20400;2;11/01/2022;A;;;
204010001;20401;1;24/03/2016;B;;;
204070001;20407;1;11/05/2023;A;;;
204090001;20409;1;21/12/2022;B;;;
204090002;20409;2;21/12/2022;B;;;
204090003;20409;3;21/12/2022;B;;;
204090004;20409;4;21/12/2022;B;;;
204090005;20409;5;21/12/2022;B;;;
204090006;20409;6;10/03/2020;M;;;
204090007;20409;7;21/12/2022;B;;;
204200001;20420;1;09/03/2020;A;;;
204200002;20420;2;09/03/2020;A;;;
204200003;20420;3;09/03/2020;A;;;
204200004;20420;4;09/03/2020;A;;;
204200005;20420;5;09/03/2020;A;;;
204200006;20420;6;09/03/2020;A;;;
204200007;20420;7;09/03/2020;A;;;
204200008;20420;8;09/03/2020;M;;;
204200009;20420;9;09/03/2020;M;;;
204200010;20420;10;09/03/2020;M;;;
204200011;20420;11;09/03/2020;M;;;
204200012;20420;12;09/03/2020;M;;;
204200013;20420;13;09/03/2020;A;;;
204200014;20420;14;09/03/2020;A;;;
204200015;20420;15;09/03/2020;A;;;
204200016;20420;16;09/03/2020;A;;;
204200017;20420;17;09/03/2020;M;;;
204200018;20420;18;09/03/2020;M;;;
204200019;20420;19;09/03/2020;A;;;
204200020;20420;20;10/03/2020;A;;;
204200021;20420;21;09/03/2020;A;;;
204200022;20420;22;09/03/2020;A;;;
204200023;20420;23;09/03/2020;A;;;
204200024;20420;24;09/03/2020;A;;;
204200025;20420;25;09/03/2020;A;;;
204200027;20420;27;10/03/2020;A;;;
204200028;20420;28;10/03/2020;A;;;
204200029;20420;29;10/03/2020;A;;;
204200030;20420;30;09/03/2020;B;;;
204200031;20420;31;09/03/2020;B;;;
204200032;20420;32;09/03/2020;B;;;
204200033;20420;33;09/03/2020;A;;;
204260001;20426;1;18/02/2020;B;;;
204260002;20426;2;18/02/2020;B;;;
204260003;20426;3;18/02/2020;M;;;
204260004;20426;4;18/02/2020;M;;;
204260005;20426;5;18/02/2020;B;;;
204260006;20426;6;18/02/2020;B;;;
204260007;20426;7;18/02/2020;B;;;
204260008;20426;8;18/02/2020;B;;;
204260009;20426;9;18/02/2020;B;;;
204260010;20426;10;05/02/2020;M;;;
204260011;20426;11;05/02/2020;M;;;
204260012;20426;12;18/02/2020;B;;;
204260013;20426;13;05/02/2020;B;;;
204260014;20426;14;18/02/2020;B;;;
204260015;20426;15;18/02/2020;B;;;
204310001;20431;1;10/01/2017;B;;;
204320001;20432;1;20/01/2016;B;;;
204320047;20432;47;12/06/2019;B;;;
204320090;20432;90;15/07/2019;B;;;
204320091;20432;91;15/07/2019;B;;;
204320093;20432;93;15/07/2019;B;;;
204320094;20432;94;15/07/2019;B;;;
204320095;20432;95;15/07/2019;B;;;
204320111;20432;111;15/07/2019;B;;;
204320114;20432;114;15/07/2019;B;;;
204320120;20432;120;15/07/2019;B;;;
204320158;20432;158;15/07/2019;B;;;
204320160;20432;160;15/07/2019;B;;;
204320161;20432;161;15/07/2019;B;;;
204320164;20432;164;15/07/2019;B;;;
204320165;20432;165;15/07/2019;B;;;
204320188;20432;188;21/01/2021;B;;;
204320189;20432;189;21/01/2021;B;;;
204320190;20432;190;21/01/2021;B;;;
204320191;20432;191;21/01/2021;B;;;
204320192;20432;192;21/01/2021;B;;;
204320193;20432;193;21/01/2021;B;;;
204320194;20432;194;21/01/2021;B;;;
204320199;20432;199;21/01/2021;B;;;
204320200;20432;200;21/01/2021;B;;;
204320201;20432;201;21/01/2021;B;;;
204320204;20432;204;21/01/2021;B;;;
204320206;20432;206;21/01/2021;B;;;
204320207;20432;207;21/01/2021;B;;;
204320208;20432;208;21/01/2021;B;;;
204320209;20432;209;21/01/2021;B;;;
204330001;20433;1;05/01/2022;B;;;
204330002;20433;2;05/01/2022;B;;;
204330003;20433;3;05/01/2022;B;;;
204330004;20433;4;05/01/2022;B;;;
204330005;20433;5;19/05/2020;B;;;
204330007;20433;7;19/05/2020;B;;;
204330008;20433;8;19/05/2020;B;;;
204330009;20433;9;19/05/2020;B;;;
204330010;20433;10;19/05/2020;B;;;
204330013;20433;13;19/05/2020;M;;;
204330014;20433;14;19/05/2020;M;;;
204330016;20433;16;19/05/2020;B;;;
204330017;20433;17;19/05/2020;B;;;
204330020;20433;20;29/05/2020;B;;;
204330021;20433;21;29/05/2020;B;;;
204330024;20433;24;19/05/2020;A;;;
204330025;20433;25;19/05/2020;A;;;
204330029;20433;29;29/05/2020;B;;;
204330032;20433;32;29/05/2020;B;;;
204330033;20433;33;29/05/2020;B;;;
204330034;20433;34;29/05/2020;B;;;
204330035;20433;35;29/05/2020;B;;;
204330036;20433;36;29/05/2020;B;;;
204330037;20433;37;29/05/2020;B;;;
204330039;20433;39;29/05/2020;B;;;
204330048;20433;48;19/05/2020;B;;;
204330051;20433;51;19/05/2020;B;;;
204330052;20433;52;19/05/2020;B;;;
204330055;20433;55;19/05/2020;B;;;
204330056;20433;56;29/05/2020;B;;;
204330061;20433;61;19/05/2020;B;;;
204330062;20433;62;19/05/2020;B;;;
204340001;20434;1;21/12/2023;M;;;
204340005;20434;5;21/12/2023;M;;;
204340006;20434;6;21/12/2023;A;;;
204340017;20434;17;21/12/2023;A;;;
204340018;20434;18;21/12/2023;M;;;
204390001;20439;1;23/07/2020;B;;;
204390002;20439;2;23/07/2020;B;;;
204390003;20439;3;23/07/2020;B;;;
204390004;20439;4;23/07/2020;B;;;
204390005;20439;5;23/07/2020;B;;;
204390006;20439;6;23/07/2020;B;;;
204390007;20439;7;23/07/2020;B;;;
204390008;20439;8;23/07/2020;B;;;
204390009;20439;9;23/07/2020;B;;;
204390010;20439;10;23/07/2020;B;;;
204390011;20439;11;06/05/2020;A;;;
204390012;20439;12;06/05/2020;A;;;
204390013;20439;13;06/05/2020;A;;;
204400043;20440;43;01/03/2021;A;;;
204400044;20440;44;01/03/2021;A;;;
204400045;20440;45;01/03/2021;A;;;
204400046;20440;46;01/03/2021;A;;;
204400047;20440;47;01/03/2021;A;;;
204400048;20440;48;01/03/2021;A;;;
204410001;20441;1;11/05/2023;A;;;
204410002;20441;2;11/05/2023;A;;;
204420004;20442;4;21/12/2023;B;;;
204420005;20442;5;21/12/2023;M;;;
204420065;20442;65;21/12/2023;B;;;
204420066;20442;66;21/12/2023;B;;;
204420082;20442;82;01/03/2021;A;;;
204460001;20446;1;17/08/2017;B;;;
204460003;20446;3;21/01/2021;B;;;
204460006;20446;6;21/01/2021;B;;;
204460008;20446;8;11/05/2023;B;;;
204460010;20446;10;21/01/2021;B;;;
204460011;20446;11;21/01/2021;B;;;
204460012;20446;12;21/01/2021;B;;;
204460017;20446;17;21/01/2021;B;;;
204460020;20446;20;21/01/2021;B;;;
204460021;20446;21;21/01/2021;B;;;
204490001;20449;1;05/01/2022;B;;;
204490002;20449;2;05/01/2022;B;;;
204490003;20449;3;05/01/2022;B;;;
204490004;20449;4;05/01/2022;B;;;
204490005;20449;5;05/01/2022;B;;;
204490006;20449;6;05/01/2022;B;;;
204490007;20449;7;05/01/2022;B;;;
204490008;20449;8;05/01/2022;B;;;
204490009;20449;9;05/01/2022;B;;;
204490010;20449;10;05/01/2022;B;;;
204490011;20449;11;05/01/2022;B;;;
204490012;20449;12;05/01/2022;B;;;
204490013;20449;13;05/01/2022;B;;;
204490014;20449;14;05/01/2022;B;;;
204490019;20449;19;04/03/2017;B;;;
204490031;20449;31;04/03/2017;B;;;
204490049;20449;49;04/03/2017;B;;;
204490050;20449;50;04/03/2017;B;;;
204490053;20449;53;04/03/2017;B;;;
204490069;20449;69;04/03/2017;B;;;
204490075;20449;75;04/03/2017;B;;;
204490080;20449;80;04/03/2017;B;;;
204490085;20449;85;04/03/2017;B;;;
204490092;20449;92;04/03/2017;B;;;
204500019;20450;19;05/01/2022;M;;;
204500029;20450;29;05/01/2022;B;;;
204500031;20450;31;05/01/2022;M;;;
204560001;20456;1;18/02/2020;M;;;
204560002;20456;2;18/02/2020;B;;;
204560003;20456;3;18/02/2020;M;;;
204560004;20456;4;18/02/2020;B;;;
204570003;20457;3;21/12/2023;B;;;
204580005;20458;5;11/01/2022;A;;;
204580006;20458;6;11/01/2022;A;;;
204580015;20458;15;11/01/2022;A;;;
204590001;20459;1;21/12/2023;B;;;
204590002;20459;2;19/05/2020;B;;;
204590004;20459;4;19/05/2020;B;;;
204600001;20460;1;17/03/2021;B;;;
204600002;20460;2;17/03/2021;B;;;
204600004;20460;4;17/03/2021;B;;;
204600005;20460;5;17/03/2021;B;;;
204600006;20460;6;17/03/2021;B;;;
204600007;20460;7;17/03/2021;A;;;
204600008;20460;8;17/03/2021;A;;;
204610001;20461;1;21/12/2023;B;;;
204610003;20461;3;19/05/2020;M;;;
204620001;20462;1;20/01/2016;B;;;
204620002;20462;2;09/06/2020;B;;;
204620005;20462;5;09/06/2020;A;;;
204620007;20462;7;09/06/2020;B;;;
204620008;20462;8;09/06/2020;B;;;
204620010;20462;10;09/06/2020;A;;;
204620012;20462;12;09/06/2020;B;;;
204620015;20462;15;09/06/2020;B;;;
204620016;20462;16;07/06/2020;B;;;
204620018;20462;18;07/06/2020;M;;;
204620019;20462;19;07/06/2020;A;;;
204620020;20462;20;30/05/2020;B;;;
204620022;20462;22;30/05/2020;B;;;
204620024;20462;24;30/05/2020;M;;;
204620026;20462;26;30/05/2020;B;;;
204620028;20462;28;30/05/2020;M;;;
204620031;20462;31;30/05/2020;B;;;
204620033;20462;33;30/05/2020;B;;;
204620035;20462;35;30/05/2020;A;;;
204620037;20462;37;30/05/2020;B;;;
204620039;20462;39;09/06/2020;B;;;
204620041;20462;41;09/06/2020;A;;;
204620042;20462;42;09/06/2020;A;;;
204620043;20462;43;09/06/2020;B;;;
204620045;20462;45;09/06/2020;B;;;
204620048;20462;48;09/06/2020;B;;;
204620050;20462;50;30/05/2020;B;;;
204620052;20462;52;30/05/2020;B;;;
204620054;20462;54;30/05/2020;B;;;
204630001;20463;1;20/01/2016;B;;;
204630003;20463;3;22/02/2017;B;;;
204630009;20463;9;22/02/2017;B;;;
204640001;20464;1;20/01/2016;B;;;
204650001;20465;1;16/03/2020;M;;;
204650002;20465;2;16/03/2020;M;;;
204650003;20465;3;23/03/2020;B;;;
204650004;20465;4;23/03/2020;B;;;
204650005;20465;5;16/03/2020;M;;;
204650006;20465;6;16/03/2020;A;;;
204650007;20465;7;16/03/2020;M;;;
204650008;20465;8;16/03/2020;M;;;
204650009;20465;9;23/03/2020;M;;;
204650010;20465;10;23/03/2020;M;;;
204650011;20465;11;23/03/2020;M;;;
204650012;20465;12;23/03/2020;M;;;
204650013;20465;13;23/03/2020;M;;;
204650014;20465;14;23/03/2020;M;;;
204650017;20465;17;23/03/2020;A;;;
204650018;20465;18;23/03/2020;B;;;
204650019;20465;19;23/03/2020;A;;;
204650020;20465;20;23/03/2020;A;;;
204650021;20465;21;23/03/2020;A;;;
204650022;20465;22;23/03/2020;A;;;
204680001;20468;1;05/01/2022;A;;;
204680002;20468;2;05/01/2022;M;;;
204680003;20468;3;05/01/2022;B;;;
204680004;20468;4;05/01/2022;B;;;
204680005;20468;5;05/01/2022;B;;;
204680006;20468;6;05/01/2022;B;;;
204680007;20468;7;05/01/2022;B;;;
204680008;20468;8;05/01/2022;A;;;
204680009;20468;9;05/01/2022;B;;;
204680010;20468;10;05/01/2022;A;;;
204680012;20468;12;05/01/2022;B;;;
204680014;20468;14;05/01/2022;B;;;
204710001;20471;1;05/01/2022;B;;;
204710004;20471;4;05/01/2022;B;;;
204710006;20471;6;05/01/2022;B;;;
204710007;20471;7;05/01/2022;B;;;
204710009;20471;9;05/01/2022;A;;;
204710011;20471;11;05/01/2022;A;;;
204710013;20471;13;05/01/2022;A;;;
204710026;20471;26;05/01/2022;M;;;
204710027;20471;27;05/01/2022;B;;;
204720003;20472;3;03/04/2020;B;;;
204720004;20472;4;03/04/2020;M;;;
204720005;20472;5;03/04/2020;B;;;
204720006;20472;6;03/04/2020;M;;;
204720007;20472;7;03/04/2020;M;;;
204720008;20472;8;03/04/2020;B;;;
204720009;20472;9;03/04/2020;B;;;
204720010;20472;10;03/04/2020;M;;;
204720011;20472;11;03/04/2020;B;;;
204720012;20472;12;03/04/2020;B;;;
204720013;20472;13;03/04/2020;B;;;
204720014;20472;14;03/04/2020;B;;;
204720015;20472;15;03/04/2020;B;;;
204720016;20472;16;03/04/2020;B;;;
204720017;20472;17;03/04/2020;B;;;
204720018;20472;18;03/04/2020;B;;;
204720019;20472;19;03/04/2020;B;;;
204720020;20472;20;03/04/2020;B;;;
204720021;20472;21;03/04/2020;B;;;
204760002;20476;2;01/05/2019;B;;;
204760003;20476;3;01/05/2019;B;;;
204760005;20476;5;21/01/2021;B;;;
204760006;20476;6;01/05/2019;B;;;
204760007;20476;7;21/01/2021;B;;;
204770002;20477;2;03/04/2021;A;;;
204770003;20477;3;03/04/2021;B;;;
204770005;20477;5;03/04/2021;B;;;
204770020;20477;20;28/04/2020;A;;;
204770021;20477;21;28/04/2020;A;;;
204770022;20477;22;28/04/2020;A;;;
204780001;20478;1;01/08/2020;B;;;
204780002;20478;2;01/08/2020;B;;;
204780003;20478;3;01/08/2020;B;;;
204780004;20478;4;01/08/2020;B;;;
204820001;20482;1;01/08/2020;B;;;
204820002;20482;2;01/08/2020;B;;;
204820003;20482;3;01/08/2020;B;;;
204820004;20482;4;01/08/2020;B;;;
204820005;20482;5;01/08/2020;B;;;
204820006;20482;6;01/08/2020;B;;;
204860001;20486;1;21/12/2023;B;;;
204860003;20486;3;01/08/2020;A;;;
204860004;20486;4;01/08/2020;A;;;
204860007;20486;7;01/08/2020;B;;;
204860008;20486;8;21/12/2023;A;;;
204860009;20486;9;01/08/2020;B;;;
204860012;20486;12;01/08/2020;B;;;
204860014;20486;14;01/08/2020;A;;;
204860015;20486;15;01/08/2020;A;;;
204860017;20486;17;01/08/2020;M;;;
204860020;20486;20;01/08/2020;M;;;
204910001;20491;1;21/01/2021;B;;;
204910003;20491;3;21/01/2021;B;;;
204910005;20491;5;21/01/2021;B;;;
204910010;20491;10;21/01/2021;B;;;
204910014;20491;14;05/01/2022;M;;;
204910015;20491;15;05/01/2022;A;;;
204910017;20491;17;05/01/2022;A;;;
204910036;20491;36;21/01/2021;B;;;
204910037;20491;37;21/01/2021;B;;;
204920001;20492;1;01/08/2020;B;;;
204920004;20492;4;01/08/2020;B;;;
204920005;20492;5;01/08/2020;B;;;
204920007;20492;7;01/08/2020;B;;;
204920008;20492;8;01/08/2020;B;;;
204920009;20492;9;01/08/2020;B;;;
204930001;20493;1;01/08/2020;B;;;
204930003;20493;3;01/08/2020;A;;;
204930004;20493;4;01/08/2020;B;;;
204930007;20493;7;01/08/2020;B;;;
204930008;20493;8;01/08/2020;B;;;
204930009;20493;9;01/08/2020;B;;;
204930010;20493;10;01/08/2020;B;;;
204930011;20493;11;01/08/2020;B;;;
204930014;20493;14;01/08/2020;B;;;
204930015;20493;15;01/08/2020;B;;;
204960001;20496;1;05/12/2019;B;;;
204960002;20496;2;05/12/2019;B;;;
204960006;20496;6;05/12/2019;B;;;
204960007;20496;7;05/12/2019;B;;;
204960008;20496;8;05/12/2019;M;;;
204960009;20496;9;05/12/2019;B;;;
204960011;20496;11;05/12/2019;A;;;
205000001;20500;1;20/01/2016;B;;;
205040001;20504;1;11/01/2022;A;;;
205060001;20506;1;23/07/2020;B;;;
205060004;20506;4;21/01/2021;B;;;
205060006;20506;6;21/01/2021;M;;;
205060011;20506;11;10/12/2019;B;;;
205060012;20506;12;10/12/2019;B;;;
205060014;20506;14;21/01/2021;B;;;
205060017;20506;17;21/01/2021;B;;;
205060018;20506;18;21/01/2021;B;;;
205060019;20506;19;10/12/2019;B;;;
205060020;20506;20;10/12/2019;B;;;
205060021;20506;21;10/12/2019;B;;;
205060023;20506;23;21/01/2021;B;;;
205060024;20506;24;21/01/2021;B;;;
205070001;20507;1;11/01/2022;A;;;
205070002;20507;2;19/05/2020;B;;;
205070004;20507;4;19/05/2020;B;;;
205070006;20507;6;19/05/2020;B;;;
205070007;20507;7;11/01/2022;B;;;
205070008;20507;8;19/05/2020;M;;;
205070010;20507;10;19/05/2020;M;;;
205100001;20510;1;23/07/2020;B;;;
205100002;20510;2;23/07/2020;B;;;
205100004;20510;4;23/07/2020;B;;;
205100006;20510;6;11/01/2022;B;;;
205100007;20510;7;23/07/2020;B;;;
205100009;20510;9;01/08/2020;B;;;
205100012;20510;12;01/08/2020;B;;;
205100013;20510;13;01/08/2020;B;;;
205100015;20510;15;01/08/2020;B;;;
205100016;20510;16;23/07/2020;B;;;
205100018;20510;18;23/07/2020;A;;;
205100020;20510;20;11/01/2022;A;;;
205100021;20510;21;07/06/2020;B;;;
205110004;20511;4;28/04/2020;A;;;
205110005;20511;5;28/04/2020;A;;;
205110007;20511;7;28/04/2020;M;;;
205110010;20511;10;28/04/2020;A;;;
205110148;20511;148;28/04/2020;B;;;
205110150;20511;150;28/04/2020;B;;;
205110151;20511;151;28/04/2020;B;;;
205110156;20511;156;28/04/2020;B;;;
205110157;20511;157;28/04/2020;B;;;
205110159;20511;159;28/04/2020;B;;;
205110160;20511;160;28/04/2020;B;;;
205110161;20511;161;28/04/2020;A;;;
205110162;20511;162;28/04/2020;A;;;
205110163;20511;163;28/04/2020;A;;;
205110164;20511;164;28/04/2020;M;;;
205110169;20511;169;28/04/2020;B;;;
205110170;20511;170;03/04/2020;B;;;
205110171;20511;171;03/04/2020;A;;;
205110172;20511;172;03/04/2020;M;;;
205110173;20511;173;03/04/2020;A;;;
205110174;20511;174;03/04/2020;M;;;
205110175;20511;175;28/04/2020;B;;;
205110176;20511;176;03/04/2020;M;;;
205110177;20511;177;28/04/2020;B;;;
205110178;20511;178;28/04/2020;M;;;
205110179;20511;179;28/04/2020;M;;;
205110180;20511;180;28/04/2020;A;;;
205110181;20511;181;03/04/2020;A;;;
205110182;20511;182;28/04/2020;A;;;
205120002;20512;2;21/01/2021;B;;;
205150001;20515;1;21/12/2023;B;;;
205150002;20515;2;21/12/2023;B;;;
205180002;20518;2;22/04/2021;M;;;
205190001;20519;1;05/01/2022;B;;;
205190003;20519;3;05/01/2022;A;;;
205190006;20519;6;21/01/2021;B;;;
205190008;20519;8;21/01/2021;B;;;
205190009;20519;9;21/01/2021;B;;;
205190012;20519;12;21/01/2021;B;;;
205190014;20519;14;21/01/2021;B;;;
205190016;20519;16;21/01/2021;B;;;
205190019;20519;19;30/05/2020;B;;;
205190020;20519;20;30/05/2020;B;;;
205190022;20519;22;05/01/2022;B;;;
205190023;20519;23;21/01/2021;B;;;
205190024;20519;24;21/01/2021;B;;;
205190026;20519;26;05/01/2022;B;;;
205190027;20519;27;05/01/2022;A;;;
205190028;20519;28;30/05/2020;B;;;
205190029;20519;29;30/05/2020;B;;;
205190030;20519;30;05/01/2022;B;;;
205190037;20519;37;30/05/2020;M;;;
205190038;20519;38;30/05/2020;M;;;
205190039;20519;39;30/05/2020;M;;;
205190041;20519;41;30/05/2020;A;;;
205190042;20519;42;30/05/2020;A;;;
205190045;20519;45;05/01/2022;B;;;
205190046;20519;46;30/05/2020;B;;;
205190047;20519;47;30/05/2020;B;;;
205200002;20520;2;29/05/2020;B;;;
205200004;20520;4;29/05/2020;M;;;
205200006;20520;6;29/05/2020;M;;;
205200008;20520;8;29/05/2020;B;;;
205200009;20520;9;29/05/2020;B;;;
205200010;20520;10;29/05/2020;B;;;
205200013;20520;13;29/05/2020;B;;;
205200014;20520;14;29/05/2020;B;;;
205200015;20520;15;29/05/2020;B;;;
205200016;20520;16;29/05/2020;B;;;
205200019;20520;19;29/05/2020;B;;;
205200020;20520;20;29/05/2020;B;;;
205200021;20520;21;29/05/2020;M;;;
205200023;20520;23;29/05/2020;B;;;
205200024;20520;24;29/05/2020;B;;;
205200025;20520;25;29/05/2020;B;;;
205200027;20520;27;30/05/2020;B;;;
205200028;20520;28;29/05/2020;B;;;
205200029;20520;29;29/05/2020;B;;;
205200030;20520;30;30/05/2020;B;;;
205200032;20520;32;29/05/2020;B;;;
205200033;20520;33;29/05/2020;B;;;
205200034;20520;34;30/05/2020;B;;;
205200035;20520;35;30/05/2020;B;;;
205200036;20520;36;29/05/2020;B;;;
205200037;20520;37;30/05/2020;B;;;
205200038;20520;38;29/05/2020;B;;;
205200039;20520;39;30/05/2020;B;;;
205200041;20520;41;29/05/2020;B;;;
205200042;20520;42;29/05/2020;B;;;
205200049;20520;49;30/05/2020;B;;;
205200051;20520;51;30/05/2020;B;;;
205200052;20520;52;30/05/2020;B;;;
205210002;20521;2;15/05/2020;B;;;
205210004;20521;4;15/05/2020;B;;;
205210005;20521;5;15/05/2020;B;;;
205210009;20521;9;15/05/2020;B;;;
205210010;20521;10;15/05/2020;B;;;
205210011;20521;11;15/05/2020;B;;;
205270005;20527;5;05/01/2022;B;;;
205270006;20527;6;22/04/2021;B;;;
205270007;20527;7;22/04/2021;B;;;
205290001;20529;1;21/12/2022;B;;;
205290002;20529;2;21/12/2022;B;;;
205290003;20529;3;21/12/2022;B;;;
205290004;20529;4;21/12/2022;B;;;
205320001;20532;1;17/03/2021;M;;;
205320002;20532;2;11/01/2022;A;;;
205320003;20532;3;17/03/2021;B;;;
205320009;20532;9;01/03/2021;B;;;
205320010;20532;10;01/03/2021;B;;;
205320011;20532;11;01/03/2021;B;;;
205320012;20532;12;01/03/2021;B;;;
205320013;20532;13;01/03/2021;B;;;
205320014;20532;14;01/03/2021;B;;;
205330001;20533;1;05/01/2022;A;;;
205340002;20534;2;05/01/2022;A;;;
205340003;20534;3;05/01/2022;B;;;
205340004;20534;4;05/01/2022;A;;;
205340006;20534;6;05/01/2022;A;;;
205340011;20534;11;05/01/2022;A;;;
205340013;20534;13;05/01/2022;A;;;
205350001;20535;1;18/04/2017;B;;;
205350002;20535;2;18/04/2017;B;;;
205350003;20535;3;18/04/2017;B;;;
205380001;20538;1;11/01/2022;A;;;
205400001;20540;1;11/05/2023;A;;;
205400003;20540;3;27/01/2021;B;;;
205400005;20540;5;27/01/2021;B;;;
205430001;20543;1;11/05/2023;M;;;
205430002;20543;2;27/01/2021;B;;;
205430004;20543;4;27/01/2021;B;;;
205440001;20544;1;21/01/2021;B;;;
205440002;20544;2;21/01/2021;B;;;
205440003;20544;3;06/05/2020;A;;;
205440004;20544;4;06/05/2020;A;;;
205440005;20544;5;21/01/2021;M;;;
205440006;20544;6;11/01/2022;B;;;
205440008;20544;8;21/01/2021;B;;;
205480001;20548;1;05/01/2022;M;;;
205480005;20548;5;05/01/2022;B;;;
205500002;20550;2;01/08/2020;B;;;
205500004;20550;4;01/08/2020;B;;;
205500038;20550;38;26/07/2019;B;;;
205500040;20550;40;26/07/2019;B;;;
205500041;20550;41;26/07/2019;B;;;
205500042;20550;42;26/07/2019;M;;;
205500043;20550;43;26/07/2019;B;;;
205500044;20550;44;26/07/2019;M;;;
205500095;20550;95;01/08/2020;B;;;
205500096;20550;96;01/08/2020;B;;;
205510002;20551;2;02/03/2022;A;;;
205520002;20552;2;21/12/2023;B;;;
205520003;20552;3;21/12/2023;M;;;
205520007;20552;7;21/12/2023;A;;;
205520008;20552;8;21/12/2023;A;;;
205530001;20553;1;23/03/2020;M;;;
205530002;20553;2;23/03/2020;B;;;
205530003;20553;3;23/03/2020;M;;;
205530004;20553;4;23/03/2020;B;;;
205530005;20553;5;23/03/2020;M;;;
205530006;20553;6;23/03/2020;B;;;
205530008;20553;8;23/03/2020;B;;;
205530009;20553;9;23/03/2020;B;;;
205530010;20553;10;23/03/2020;B;;;
205530011;20553;11;23/03/2020;B;;;
205530012;20553;12;23/03/2020;B;;;
205530013;20553;13;23/03/2020;B;;;
205530018;20553;18;23/03/2020;B;;;
205530019;20553;19;23/03/2020;B;;;
205530022;20553;22;23/03/2020;B;;;
205530030;20553;30;23/03/2020;B;;;
205560003;20556;3;09/06/2020;B;;;
205560004;20556;4;09/06/2020;M;;;
205560005;20556;5;09/06/2020;M;;;
205560006;20556;6;09/06/2020;B;;;
205560008;20556;8;09/06/2020;B;;;
205560010;20556;10;09/06/2020;M;;;
205560013;20556;13;09/06/2020;B;;;
205560014;20556;14;09/06/2020;B;;;
205560016;20556;16;09/06/2020;B;;;
205560017;20556;17;09/06/2020;B;;;
205560019;20556;19;09/06/2020;B;;;
205560023;20556;23;09/06/2020;B;;;
205560026;20556;26;09/06/2020;B;;;
205560028;20556;28;09/06/2020;B;;;
205680001;20568;1;20/01/2016;B;;;
205690001;20569;1;23/07/2020;A;;;
205690006;20569;6;23/07/2020;B;;;
205690007;20569;7;23/07/2020;B;;;
205690008;20569;8;23/07/2020;B;;;
205690009;20569;9;23/07/2020;B;;;
205690010;20569;10;23/07/2020;B;;;
205690011;20569;11;23/07/2020;B;;;
205690012;20569;12;23/07/2020;B;;;
205690013;20569;13;23/07/2020;B;;;
205690017;20569;17;23/07/2020;B;;;
205690020;20569;20;23/07/2020;B;;;
205690021;20569;21;23/07/2020;B;;;
205690024;20569;24;23/07/2020;B;;;
205690025;20569;25;23/07/2020;B;;;
205690028;20569;28;23/07/2020;B;;;
205690035;20569;35;23/07/2020;B;;;
205690038;20569;38;23/07/2020;B;;;
205690039;20569;39;23/07/2020;B;;;
205690040;20569;40;23/07/2020;B;;;
205690047;20569;47;23/07/2020;B;;;
205690048;20569;48;23/07/2020;B;;;
205690049;20569;49;23/07/2020;B;;;
205690050;20569;50;23/07/2020;B;;;
205690051;20569;51;23/07/2020;B;;;
205690052;20569;52;23/07/2020;B;;;
205690053;20569;53;23/07/2020;B;;;
205690054;20569;54;23/07/2020;B;;;
205690055;20569;55;23/07/2020;B;;;
205690056;20569;56;23/07/2020;B;;;
205690057;20569;57;23/07/2020;B;;;
205690059;20569;59;23/07/2020;B;;;
205690060;20569;60;23/07/2020;B;;;
205690061;20569;61;23/07/2020;B;;;
205690062;20569;62;23/07/2020;B;;;
205690065;20569;65;23/07/2020;A;;;
205690066;20569;66;23/07/2020;A;;;
205690067;20569;67;23/07/2020;A;;;
205690068;20569;68;23/07/2020;A;;;
205690069;20569;69;23/07/2020;A;;;
205690072;20569;72;23/07/2020;B;;;
205690073;20569;73;23/07/2020;B;;;
205690074;20569;74;23/07/2020;B;;;
205690075;20569;75;23/07/2020;B;;;
205690080;20569;80;23/07/2020;A;;;
205690081;20569;81;23/07/2020;A;;;
205690082;20569;82;23/07/2020;A;;;
205690084;20569;84;23/07/2020;M;;;
205690085;20569;85;23/07/2020;M;;;
205690088;20569;88;23/07/2020;B;;;
205690089;20569;89;23/07/2020;B;;;
205690110;20569;110;28/04/2019;B;;;
205690111;20569;111;28/04/2019;B;;;
205690114;20569;114;28/04/2019;B;;;
205690116;20569;116;28/04/2019;B;;;
205690117;20569;117;28/04/2019;B;;;
205690118;20569;118;28/04/2019;B;;;
205690121;20569;121;28/04/2019;B;;;
205690184;20569;184;20/01/2017;B;;;
205690185;20569;185;20/01/2017;B;;;
205700025;20570;25;11/01/2022;B;;;
205700026;20570;26;11/01/2022;B;;;
205700027;20570;27;11/01/2022;M;;;
205700028;20570;28;11/01/2022;B;;;
205700030;20570;30;11/01/2022;A;;;
205700031;20570;31;11/01/2022;B;;;
205700032;20570;32;11/01/2022;A;;;
205700033;20570;33;11/01/2022;A;;;
205700035;20570;35;11/01/2022;A;;;
205710001;20571;1;05/12/2019;B;;;
205710003;20571;3;05/12/2019;B;;;
205710004;20571;4;05/12/2019;B;;;
205710006;20571;6;05/12/2019;B;;;
205720001;20572;1;11/01/2022;B;;;
205720003;20572;3;11/01/2022;M;;;
205720009;20572;9;11/01/2022;B;;;
205720012;20572;12;11/01/2022;M;;;
205720013;20572;13;11/01/2022;B;;;
205720014;20572;14;11/01/2022;A;;;
205720016;20572;16;11/01/2022;M;;;
205720017;20572;17;11/01/2022;B;;;
205720018;20572;18;11/01/2022;M;;;
205720019;20572;19;11/01/2022;B;;;
205720020;20572;20;11/01/2022;B;;;
205720022;20572;22;11/01/2022;B;;;
205720029;20572;29;11/01/2022;B;;;
205720030;20572;30;11/01/2022;A;;;
205750027;20575;27;07/06/2020;B;;;
205750030;20575;30;07/06/2020;B;;;
205750031;20575;31;07/06/2020;B;;;
205760001;20576;1;21/12/2023;B;;;
205780001;20578;1;21/12/2023;M;;;
205780003;20578;3;21/12/2023;M;;;
205780006;20578;6;01/01/2023;B;;;
205790026;20579;26;08/03/2019;M;;;
205790028;20579;28;08/03/2019;B;;;
205790029;20579;29;08/03/2019;B;;;
205790030;20579;30;08/03/2019;B;;;
205790032;20579;32;08/03/2019;B;;;
205790035;20579;35;08/03/2019;B;;;
205790036;20579;36;30/05/2020;A;;;
205790037;20579;37;30/05/2020;A;;;
205790039;20579;39;08/03/2019;M;;;
205790042;20579;42;08/03/2019;M;;;
205790046;20579;46;08/03/2019;M;;;
205800001;20580;1;05/01/2022;A;;;
205800002;20580;2;05/01/2022;B;;;
205800003;20580;3;05/01/2022;B;;;
205800005;20580;5;05/01/2022;B;;;
205880001;20588;1;11/01/2022;A;;;
205880004;20588;4;11/01/2022;A;;;
205880006;20588;6;11/01/2022;A;;;
205880007;20588;7;11/01/2022;M;;;
205880010;20588;10;11/01/2022;M;;;
205880014;20588;14;11/01/2022;A;;;
205880016;20588;16;22/04/2020;B;;;
205880017;20588;17;22/04/2020;A;;;
205880018;20588;18;11/01/2022;A;;;
205880019;20588;19;22/04/2020;B;;;
205880020;20588;20;22/04/2020;A;;;
205880021;20588;21;22/04/2020;A;;;
205880022;20588;22;11/01/2022;A;;;
205880023;20588;23;22/04/2020;A;;;
205880024;20588;24;11/01/2022;A;;;
205880025;20588;25;11/01/2022;A;;;
205880026;20588;26;11/01/2022;M;;;
205910004;20591;4;23/03/2020;A;;;
205910005;20591;5;23/03/2020;A;;;
205910006;20591;6;25/06/2020;M;;;
205910007;20591;7;25/06/2020;A;;;
205910008;20591;8;25/06/2020;A;;;
205910009;20591;9;23/03/2020;A;;;
205920007;20592;7;25/06/2020;M;;;
205920016;20592;16;21/12/2023;A;;;
205920017;20592;17;21/12/2023;A;;;
205920023;20592;23;21/12/2023;A;;;
205920032;20592;32;21/12/2023;B;;;
205960001;20596;1;11/01/2022;B;;;
205960002;20596;2;11/01/2022;A;;;
205960003;20596;3;11/01/2022;A;;;
206000004;20600;4;11/01/2022;M;;;
206000013;20600;13;11/01/2022;B;;;
206000020;20600;20;11/01/2022;A;;;
206010001;20601;1;11/01/2022;M;;;
206010002;20601;2;11/01/2022;M;;;
206030001;20603;1;28/04/2020;B;;;
206040003;20604;3;02/03/2022;A;;;
206200003;20620;3;21/12/2023;A;;;
